ticker,earningsPriceChanges,averagePriceChange
SOUN,"[-0.065, 0.072, -0.186, 0.035, 0.035, -0.035, -0.219, -0.042, 0.025, 0.02]",7.34%
MARA,"[-0.052, -0.127, -0.165, 0.08, -0.013, -0.146, 0.071, -0.035, -0.022, -0.105, 0.031]",7.7%
CAVA,"[0.196, 0.07, 0.122, -0.077, 0.012]",9.54%
SPOT,"[0.12, 0.114, 0.039, 0.104, -0.143, 0.051, 0.127, -0.13, 0.122, -0.124, -0.168]",11.291%
OXY,"[0.043, -0.021, 0.049, 0.016, 0.012, -0.036, -0.007, -0.092, -0.063, 0.012, -0.005]",3.236%
BSEM,"[0.084, 0.046, -0.146, 0.049, -0.137, -0.005, -0.309, -0.033, 0, -0.056]",8.65%
RKLB,"[0.126, -0.022, -0.025, -0.018, -0.032, 0.046, -0.022, 0.12, 0.212, 0.046, -0.046, 0.083]",6.65%
RKT,"[0.123, 0.045, 0.053, 0.065, 0.105, -0.029, 0.022, -0.031, -0.033, -0.052, 0.058]",5.6%
WULF,"[-0.089, 0.355, -0.05, -0.012, -0.013, 0.19, 0.069, -0.181, 0.069, -0.076, -0.051, -0.004]",9.658%
CART,"[0.028, -0.037, -0.019, -0.101]",4.625%
RUM,"[0.054, 0, -0.049, 0.053, -0.141, -0.037, 0.071, -0.021]",5.325%
INSG,"[0.236, 0.31, -0.125, -0.298, 0.179, 0.528, -0.047, -0.228, 0.085, -0.247, 0.006]",20.809%
BTMD,"[-0.189, 0.052, 0.149, -0.238, -0.134, -0.108, 0.131, 0.013, 0.03, 0]",10.44%
CAE,"[0.048, -0.096, -0.039, 0.08, -0.07, 0.05, 0.201, -0.167, 0.077, -0.035]",8.63%
CHGG,"[-0.222, -0.279, -0.061, -0.151, 0.043, -0.484, -0.171, 0.22, 0.091, -0.303, 0.16]",19.864%
CNNE,"[-0.041, 0.016, 0.106, -0.03, -0.038, -0.021, 0.026, 0.116, -0.04, -0.066, -0.049]",4.991%
CRVS,"[0.097, -0.12, -0.056, 0.013, 0.079, 0, 0.108, -0.023, -0.094, -0.045, -0.05]",6.227%
DAVE,"[0.021, 0.124, 0.644, 0.029, 0.027, -0.023, -0.038, 0.146, -0.223, 0.17, -0.098]",14.027%
DHT,"[-0.034, 0.004, 0.046, -0.066, -0.006, -0.085, 0.14, 0.061, 0.046, 0.09, 0.08]",5.982%
DOX,"[0.028, -0.049, -0.019, -0.056, -0.041, -0.009, 0.056, -0.001, 0.021, 0.077, 0.013]",3.364%
GRWG,"[-0.086, 0.112, -0.069, -0.113, -0.229, 0.327, -0.063, 0.35, 0.05, -0.227, 0.022]",14.982%
HNST,"[0.136, 0.061, 0.248, 0.233, -0.014, 0.112, -0.333, -0.077, 0.023, 0.082, -0.225]",14.036%
MODG,"[-0.127, -0.067, 0.116, -0.169, -0.071, -0.131, -0.026, 0.079, -0.002, 0.102, -0.095]",8.955%
ORGO,"[-0.027, 0.329, -0.182, 0.112, -0.189, 0.371, 0.193, -0.149, -0.2, 0.063, 0.214, -0.034]",17.192%
PAY,"[0.139, -0.135, 0.202, 0.07, 0.312, 0.127, 0.096, 0.32, -0.284, -0.148, -0.212, 0.089]",17.783%
SDRL,"[-0.055, -0.012, -0.002, 0.056, 0.024, 0.01, -0.004, 0.005, 0]",1.867%
STNE,"[0.027, 0.053, -0.081, -0.069, 0.129, -0.076, -0.061, 0.012, 0.168, -0.223, 0.132, 0.42, -0.346]",13.823%
SURG,"[-0.268, 0.133, -0.282, -0.035, -0.05, 0.156, -0.013, 0.008, -0.268, -0.021, -0.022, -0.017]",10.608%
SWKS,"[-0.035, -0.153, 0.001, 0.017, -0.013, -0.051, 0.125, 0.068, -0.008, -0.05, -0.025, -0.043]",4.908%
VYGR,"[0, -0.072, 0.051, 0.034, 0.295, -0.078, 0.096, -0.072, -0.185, 0.333, 0.049]",11.5%
WPRT,"[-0.056, -0.058, 0.015, -0.141, -0.041, -0.242, -0.078, -0.226, -0.076, 0.08, -0.203, 0.284]",12.5%
ZI,"[-0.242, 0.144, -0.164, -0.27, 0.013, 0.053, -0.292, 0.112, 0.057, -0.044, 0.02, 0.031]",12.017%
AHR,"[0.063, -0.007, -0.018]",2.933%
AIRG,"[-0.014, -0.002, 0.082, -0.458, -0.062, -0.014, -0.226, 0.055, 0.04, 0.064, 0.178]",10.864%
AMBC,"[-0.109, 0.193, 0.024, 0.074, -0.059, -0.023, 0.031, -0.016, 0.178, 0.081, -0.077]",7.864%
AMPS,"[-0.105, -0.024, -0.231, -0.116, -0.066, 0.089, 0.052, -0.166, 0.135, 0.089, -0.112]",10.773%
BLTE,"[-0.019, 0.008, -0.125, -0.036, 0.023, 0.04, -0.046, 0.053]",4.375%
BODI,"[-0.099, -0.068, 0.141, -0.061, -0.176, -0.021, -0.175, 0.064, -0.186, -0.276, 0.119, -0.206]",13.267%
DNA,"[-0.054, -0.173, -0.151, -0.154, -0.129, -0.015, 0, -0.004, 0.072, 0.128, 0.227]",10.064%
EPM,"[0.163, 0.027, 0.038, -0.056, -0.209, 0.093, 0.019, -0.112, 0.193, -0.006, 0.048]",8.764%
EVCM,"[-0.053, 0.041, -0.096, -0.153, 0.045, 0.038, 0.2, -0.163, -0.009, -0.072, 0.031]",8.191%
FIHL,"[-0.003, -0.043, 0.131, -0.096, 0.035]",6.16%
GRDN,[],0.0%
GUTS,"[0.054, 0.085, 0.007]",4.867%
HNRG,"[-0.219, 0.073, -0.066, -0.122, 0.013, 0.138, 0.057, 0.136, -0.098, -0.063, -0.122]",10.064%
HPP,"[-0.123, -0.044, -0.166, 0.077, 0.02, -0.077, -0.022, -0.019, 0.021, -0.015, 0.018]",5.473%
IAS,"[0.142, 0.137, -0.415, 0.157, -0.194, 0.043, 0.109, 0.175, -0.084, 0.085, 0.025]",14.236%
LGMK,"[-0.125, 0.038, 0.012, -0.102, -0.125, -0.097, 0.393, 0.007, 0.16, 0.009, 0.029]",9.973%
LNW,"[0.018, -0.051, 0.009, 0.112, 0.033, 0.014, -0.003, 0.07, 0.049, -0.007, 0.076]",4.018%
LYV,"[0.017, 0.072, 0.02, 0.035, -0.078, 0.15, -0.101, -0.075, -0.008, -0.028, 0.097]",6.191%
MNTK,"[-0.2, 0.112, -0.157, -0.368, 0.11, -0.047, -0.143, -0.086, 0.08, -0.029, 0.061, -0.012]",11.708%
MRCC,"[0.011, 0.016, 0.003, -0.009, 0.005, -0.043, 0.021, -0.009, 0.031, -0.007, 0.008, -0.024]",1.558%
MVST,"[0, -0.023, -0.344, 0.121, -0.024, 0.427, -0.039, 0.008, 0.061, 0.19, -0.078, 0.005]",11.0%
SU,"[0.046, 0.003, -0.002, 0.036, -0.016, -0.011, -0.001, 0.035, -0.015, -0.014, -0.039]",1.982%
ZVRA,"[-0.004, -0.11, -0.035, 0.038, 0.071, -0.194, -0.14, -0.011, -0.033, -0.055, 0.029, -0.107]",6.892%
ALTG,"[-0.217, -0.154, 0.051, 0.169, -0.074, 0.008, -0.118, 0.084, 0.165, -0.025, 0.116]",10.736%
BLFS,"[0.11, 0.085, 0.063, -0.039, -0.287, -0.019, 0.077, 0.428, 0.188, 0.078, 0.009]",12.573%
BW,"[0.063, 0.057, -0.227, -0.545, 0.034, 0, -0.007, 0.042, -0.091, -0.244, 0.05]",12.364%
CATX,"[0.057, -0.108, -0.008, 0.086, -0.018, -0.215, -0.274, -0.087, 0.068]",10.233%
CLSD,"[-0.009, -0.074, -0.006, -0.021, -0.066, -0.069, -0.092, -0.086, -0.018, -0.062, 0.422]",8.409%
CRNX,"[-0.061, -0.029, -0.043, -0.036, -0.039, 0.046, 0, 0.002, -0.002, 0.059, 0.155]",4.291%
CWD,"[0.037, 0, 0.101, -0.085, -0.005]",4.56%
DHX,"[0.169, -0.098, 0.137, 0.048, 0.008, -0.082, -0.231, -0.139, -0.193, 0.158, 0.005]",11.527%
DSP,"[-0.003, -0.075, 0.065, 0.117, 0.286, 0.061, 0.159, 0.041, -0.025, -0.065, -0.181]",9.8%
EGAN,"[-0.14, -0.125, -0.242, 0.083, -0.078, -0.049, -0.116, 0.198, -0.143, -0.004, 0.268]",13.145%
FGEN,"[0.045, 0.181, 0.146, -0.018, -0.186, -0.02, -0.014, -0.124, -0.033, 0.258, -0.032]",9.609%
FNA,"[-0.201, -0.132, -0.058, -0.071, -0.068, -0.02, 0.006, 0.113, -0.022, -0.017, 0.141, -0.028]",7.308%
HYPR,"[0.027, 0.1, -0.106, -0.214, -0.021, 0, -0.097, 0.026, -0.231, -0.041, -0.062]",8.409%
ICUI,"[0.243, -0.011, 0.053, -0.173, -0.166, 0.136, -0.039, 0.024, -0.116, -0.082, 0.057]",10.0%
LEGH,"[-0.012, 0.107, -0.156, 0.206, -0.017, 0.011, 0.132, 0.043, -0.009]",7.7%
LXRX,"[-0.158, 0.024, 0.295, -0.088, -0.026, 0.151, 0.229, 0.143, 0.035, -0.046, -0.274]",13.355%
NATL,"[-0.065, 0.134, -0.051, 0.02]",6.75%
NGL,"[0.051, -0.071, 0.01, -0.05, -0.072, 0.06, 0.216, -0.101, -0.052, -0.028, -0.226]",8.518%
NOTE,"[-0.044, 0.057, -0.207, -0.318, -0.226, 0.236, 0.111, 0.107, -0.057]",15.144%
NPCE,"[-0.07, -0.367, -0.015, -0.018, 0.098, -0.008, -0.024, -0.17, -0.07, -0.018, 0.062]",8.364%
NRGV,"[-0.139, -0.161, 0.05, -0.026, -0.026, 0.068, -0.048, 0.216, 0.105, 0.034]",8.73%
NTRA,"[0.064, 0.102, 0.13, 0.098, 0.176, -0.034, 0.118, -0.127, 0.009, 0.058, 0.026]",8.564%
OABI,"[-0.012, 0.024, -0.052, -0.042, -0.055, -0.021, 0.048, -0.1]",4.425%
OPRT,"[0.062, 0.208, -0.092, -0.49, 0.303, 0.28, -0.346, 0.267, -0.285, 0.097, -0.015]",22.227%
PGNY,"[-0.19, -0.153, -0.151, -0.078, 0.061, 0.085, 0.208, 0.007, 0.382, 0.012, 0.095]",12.927%
PIII,"[-0.048, -0.027, -0.146, 0.061, 0.047, 0.041, -0.036, -0.092, 0.034, 0.025]",5.57%
PRDO,"[-0.008, 0.315, 0.003, -0.055, 0.143, -0.042, -0.01, 0.14, -0.063, -0.031, 0.031]",7.645%
PSQH,"[0.004, 0.003, -0.037, -0.084, -0.08]",4.16%
PTVE,"[-0.204, -0.124, -0.101, 0.206, 0.035, 0.051, -0.136, 0.085, 0.145, 0.043, -0.03]",10.545%
PUBM,"[-0.283, -0.06, 0.236, 0.236, -0.337, 0.128, -0.076, -0.142, 0.238, 0.024, -0.172, 0.091]",16.858%
PXLW,"[0.049, -0.353, -0.018, -0.078, 0.025, 0.11, -0.098, 0.043, -0.157, 0.104, -0.098, 0.134]",10.558%
RBOT,"[-0.053, 0.002, -0.018, -0.426, -0.057, -0.095, 0.136, -0.062, -0.027, -0.101, -0.146]",10.209%
RKDA,"[-0.11, -0.01, -0.072, -0.034, -0.027, -0.146, -0.051, -0.066, 0.126, 0.188, -0.259, -0.068]",9.642%
RMR,"[-0.01, -0.031, 0.036, -0.014, -0.002, -0.026, -0.033, -0.002, 0.017, 0.001, -0.002, -0.004]",1.483%
RPAY,"[-0.101, -0.024, 0.138, 0.044, 0.088, 0.052, -0.046, 0.507, -0.208, -0.172, 0.091, 0.134]",13.375%
RWAY,"[-0.067, -0.07, -0.144, 0.021, 0.022, -0.03, 0.066, -0.016, 0.03, -0.013, -0.01, -0.025]",4.283%
RXT,"[0.004, 0.005, -0.195, -0.014, 0.071, -0.111, 0.011, 0.358, -0.157, -0.053, -0.128, 0.114]",10.175%
SCOR,"[-0.331, -0.012, -0.059, -0.02, 0.097, -0.092, 0.034, 0.047, 0.079, -0.063, -0.053, 0.044]",7.758%
SHLS,"[-0.064, -0.147, -0.166, -0.1, -0.061, 0.223, 0.025, 0.219, 0.051, 0.107, 0.146, -0.064]",11.442%
SIBN,"[0.013, 0.083, -0.135, -0.021, -0.112, 0.072, 0.168, -0.243, -0.055, -0.127, -0.01, -0.018]",8.808%
SMTI,"[0.151, -0.068, 0.014, 0.194, -0.097, -0.084, 0.005, 0.048, 0.023, 0.059, 0.064, 0.009]",6.8%
SMWB,"[0.183, -0.06, 0.135, 0.022, -0.121, -0.039, 0.004, -0.268, 0.067, -0.02, -0.024, -0.133]",8.967%
SNCR,"[-0.038, 0.31, -0.091, -0.162, 0.068, -0.006, -0.186, -0.081, 0.018, 0.097, -0.11, 0.063]",10.25%
SND,"[0.062, -0.045, -0.041, 0.027, 0.076, -0.11, 0.142, -0.121, -0.169, -0.096, -0.198, -0.064]",9.592%
SPRY,"[-0.022, -0.007, -0.039, 0.087, -0.003, -0.029, -0.04, 0.032, 0.03, -0.023, -0.085, 0.023]",3.5%
SSTI,"[-0.008, -0.034, -0.028, 0.087, -0.198, -0.215, -0.046, 0.009, 0.143, 0.032, -0.046, -0.094]",7.833%
SVCO,"[-0.006, -0.005]",0.55%
TBPH,"[-0.184, -0.02, 0.05, 0.053, -0.009, 0.004, 0.023, 0.031, -0.078, -0.042, 0.09, 0.052]",5.3%
TTGT,"[-0.076, 0.048, 0.005, 0.097, 0.068, -0.072, -0.153, -0.1, 0.002, 0.089, -0.131]",7.645%
TWFG,[-0.015],1.5%
VTSI,"[-0.299, 0.377, 0.142, 0.145, 0.139, 0.365, 0.009, 0.068, -0.05, 0.012, -0.086, -0.076]",14.733%
ACNT,"[0.02, -0.003, 0.023, 0.041, -0.016, 0.001, 0.005, -0.289, 0.172, 0.112, -0.107]",7.173%
AENT,"[0.338, -0.164, 0.048, 0.078, -0.038, -0.026]",11.533%
BTTR,"[-0.062, -0.248, -0.091, -0.047, 0.022, -0.196, -0.189, -0.046, 0.061, 0.144, -0.012]",10.164%
BZFD,"[0.259, -0.033, -0.006, -0.108, -0.11, -0.022, -0.258, 0.059, 0.011, -0.089, 0.065, 0.001]",8.508%
ELMD,"[-0.065, -0.025, 0.269, 0.021, 0.106, 0.12, 0.057, -0.039, 0.028, 0.003, -0.048]",7.1%
GRAL,[-0.028],2.8%
GROV,"[-0.063, -0.078, -0.058, 0.088, 0.301, -0.028, -0.103, 0.025, -0.083, -0.0]",8.27%
IRIX,"[-0.005, -0.14, 0.175, 0.068, -0.282, -0.009, -0.088, 0.05, -0.133, 0.025, -0.062]",9.427%
KITT,"[-0.175, 0.241, -0.117, 0.023, 0.061, -0.055, -0.045, 0.024]",9.263%
KODK,"[-0.018, -0.036, -0.036, 0.016, 0.056, -0.003, 0.1, -0.236, 0.088, -0.217, 0.012]",7.436%
LIDR,"[-0.074, 0.358, -0.191, -0.034, -0.057, -0.101, 0.028, 0.011, 0.113, 0.118, 0.039]",10.218%
MAPS,"[0.043, 0.056, 0.053, -0.046, -0.05, 0.19, 0.115, -0.332, -0.251, -0.08, 0.276]",13.564%
ME,"[-0.031, 0.007, -0.13, -0.22, -0.129, 0.02, 0.079, 0.003, -0.063, -0.01, -0.091]",7.118%
NTWK,"[-0.018, 0.035, 0.226, 0.105, -0.239, -0.08, -0.014, -0.016, -0.081, -0.115, 0.073]",9.109%
OCX,"[0.013, 0.041, -0.084, 0.298, 0, 0.022, -0.104, -0.217, 0.028, -0.035, -0.079, -0.064]",8.208%
PALT,"[0.038, 0.016, -0.143, 0.024, -0.034, 0.071, 0.036, -0.052, 0, -0.025, 0.008]",4.064%
PLBY,"[-0.228, -0.117, 0.082, -0.25, -0.06, -0.145, -0.112, 0.128, -0.172, 0.044, 0.123, 0.316]",14.808%
RLGT,"[0.034, -0.019, 0.021, 0.005, -0.09, -0.021, 0.069, -0.021, 0.01, 0.07, 0.094, 0.12]",4.783%
SHFS,"[0.016, -0.025, -0.031, -0.045, 0.02, -0.073, -0.15, -0.092]",5.65%
SLND,"[0.047, 0.074, -0.08, 0.06, -0.11, 0.029, 0.012, -0.001]",5.163%
SNT,"[-0.011, 0.235, 0.021, -0.017, -0.025, -0.062, 0.073, 0.107, -0.021, 0, -0.02, -0.027]",5.158%
ULY,"[-0.029, -0.037, -0.221, -0.002]",7.225%
CYBR,"[0.083, -0.015, 0.076, 0.073, 0.13, 0.039, -0.026, 0.11, 0.082, 0.123, 0.085]",7.655%
SSYS,"[-0.099, 0.023, 0.079, -0.045, -0.072, 0.097, 0.047, 0.023, -0.04, 0.127, -0.084, 0.13]",7.217%
TSEM,"[0.042, 0.064, 0.114, 0.039, 0.056, 0.015, 0.009, 0.03, 0.001, -0.013, -0.008, 0.046]",3.642%
FULC,"[0.103, -0.016, 0.046, 0.195, 0.008, 0.113, -0.23, 0.15, -0.024, -0.112, 0.054]",9.555%
ARCO,"[-0.006, -0.058, -0.005, 0.085, -0.068, 0.082, -0.025, -0.013, -0.004, 0.017, 0.019]",3.473%
BTM,"[-0.048, -0.061, -0.172, -0.073, 0.031]",7.7%
INVZ,"[-0.068, 0.161, -0.042, 0.108, 0.01, 0.07, -0.149, -0.033, 0.157, -0.144, -0.073]",9.227%
PSFE,"[0.064, 0.202, -0.119, 0.27, 0.239, -0.123, 0.036, 0.127, 0.023, -0.162, 0.048, -0.417]",15.25%
AFCG,"[0.083, -0.006, 0.019, -0.014, -0.024, -0.024, 0.004, -0.031, 0, 0.006, 0.001]",1.927%
ALUR,"[-0.025, 0.088, -0.043, 0.017]",4.325%
BKKT,"[-0.206, -0.139, -0.199, 0.368, -0.028, -0.058, -0.107, 0.092, 0.035, 0.302, -0.194]",15.709%
CRNT,"[0.069, -0.121, -0.007, -0.06, 0.079, -0.041, -0.119, 0.08, 0.015, -0.021, -0.075]",6.245%
RDCM,"[0.016, -0.107, 0.102, 0.082, 0.02, 0.045, 0.013, 0.018, 0.018, 0.018, -0.02, -0.037]",4.133%
ACXP,"[-0.011, 0.077, -0.048, -0.029, -0.082, -0.085, -0.015, 0.124, 0.037, -0.043, 0.013]",5.127%
BWEN,"[-0.061, 0.114, -0.066, -0.275, 0.107, -0.072, -0.193, -0.013, -0.031, 0.045, -0.022]",9.082%
CREX,"[-0.021, -0.032, -0.069, 0.073, -0.128, -0.091, 0.061, 0.075, -0.096, -0.153, 0.086, -0.065]",7.917%
CSTE,"[-0.074, -0.101, 0.046, 0.002, -0.039, 0.03, -0.186, -0.184, 0.101, 0.087, -0.043]",8.118%
DOLE,"[0.016, 0.037, 0.061, -0.074, 0.02, 0.084, -0.022, 0.063, -0.017, -0.11, 0.056, -0.026]",4.883%
ENLT,"[0.009, 0.044, -0.043, -0.011, -0.031, 0.028, -0.006, -0.023, -0.022, -0.019, 0, 0]",1.967%
GFF,"[-0.201, 0.073, 0.128, -0.062, -0.027, 0.025, 0.038, -0.011, 0.06, 0.07, -0.007, -0.097]",6.658%
GILT,"[0.082, -0.002, -0.052, -0.064, 0.114, 0.022, 0.05, 0.038, -0.038, 0.013, 0.086]",5.1%
HBM,"[-0.011, 0.142, 0.043, -0.033, -0.014, -0.023, -0.035, 0.084, 0.038, -0.031, -0.039]",4.482%
JHX,"[-0.007, -0.153, -0.128, 0.156, 0.145, 0.07, -0.073, -0.104, -0.001, -0.017]",8.54%
PET,"[0, 0.061, 0.068, -0.034, -0.057, 0.008, 0.126, -0.033, -0.155]",6.022%
PYPD,"[-0.02, -0.113, -0.082, -0.014, -0.118, -0.024, -0.128, -0.096, 0.028, -0.028, 0.052, -0.075]",6.483%
RSKD,"[-0.228, 0.153, 0.098, -0.064, 0.12, 0.17, -0.062, 0.249, 0.02, 0.183, -0.093, -0.27]",14.25%
SPMC,[0.007],0.7%
STRR,"[-0.027, 0.032, 0.034, -0.019, -0.057, -0.007, 0.164, -0.143, 0.063, -0.008, -0.069, -0.084]",5.892%
VERO,"[0.046, 0.029, -0.005, 0.042, -0.243, -0.043, 0.035, -0.119, 0.223, 0.029, -0.089, -0.024]",7.725%
XFOR,"[-0.092, 0.284, 0.068, -0.36, 0.041, 0.011, -0.036, -0.016, -0.01, -0.106, -0.08, -0.046]",9.583%
BEEP,"[-0.048, 0.014, -0.019, 0.002]",2.075%
BETR,"[-0.187, -0.063, -0.087, -0.078, -0.143]",11.16%
CAAS,"[0.053, 0.007, 0.053, -0.014, -0.034, -0.048, -0.196, 0.123, 0.024, 0, -0.03]",5.291%
DALN,"[0.396, 0.054, 0, -0.008, -0.02, -0.021, -0.025, -0.045, 0.009, -0.041, 0.034]",5.936%
EDBL,"[0.102, 0.157, 0.092, -0.162, 0.278, -0.012, -0.318, 0.067, 0.009, 0.193]",13.9%
IVFH,"[-0.069, 0, 0.02, 0.186, 0.02, 0.024, 0.057, 0.053, 0, -0.097, 0.2, 0]",6.05%
SNDA,"[-0.012, -0.022, -0.102, -0.009, -0.028, 0.024, -0.351, -0.016, 0.043, -0.01, 0.009, -0.019]",5.375%
CSCO,"[0.068, -0.027, -0.024, -0.098, 0.033, 0.012, 0.053, 0.05, 0.058, -0.137, 0.028, -0.055]",5.358%
DLO,"[0.035, -0.264, -0.175, -0.076, 0.319, 0.014, -0.263, -0.059, -0.139, 0.153, 0.109, -0.257]",15.525%
BZH,"[-0.127, -0.042, -0.079, -0.102, 0.277, 0.24, -0.11, 0.036, -0.036, -0.021, -0.021]",9.918%
KULR,"[-0.192, -0.213, -0.275, 0.167, -0.259, -0.143, -0.044, 0.172, 0.061, -0.008, 0.017, -0.053]",13.367%
BNGO,"[-0.07, 0.065, 0.017, -0.022, -0.034, 0.05, -0.04, 0.004, 0.026, -0.071, 0.005]",3.673%
CAPR,"[0.09, -0.044, 0.086, 0.066, 0.217, -0.019, 0.02, -0.071, 0.168, -0.09, 0.015]",8.055%
OPRX,"[-0.053, 0.257, -0.035, 0.153, -0.278, -0.055, -0.116, 0.224, -0.3, -0.065, 0.052, -0.0]",13.233%
KBDC,[0.004],0.4%
KORE,"[-0.192, -0.003, 0.066, -0.147, -0.3, -0.008, 0.032, 0, 0.255, 0.156, 0.114, -0.046]",10.992%
QMCO,"[-0.064, -0.503, 0.026, 0.002, -0.308, -0.028, -0.072, -0.045, -0.046, -0.028, -0.39]",13.745%
SMSI,"[-0.202, -0.045, -0.405, -0.292, 0.136, -0.072, -0.104, 0.043, -0.23, -0.113, -0.155, 0.037]",15.283%
TTEK,"[0.09, 0.061, 0.038, 0.035, -0.009, 0.019, -0.004, 0.156, -0.015, -0.062, 0.043, 0.023]",4.625%
VXRT,"[0.049, -0.018, 0.045, 0.027, 0.012, 0.039, -0.094, -0.009, 0.019, 0.026, -0.03, 0.007]",3.125%
ALVO,"[0.087, 0.004, -0.011, -0.041, 0.017, 0.006, 0.008, 0.043, -0.143]",4.0%
ATEX,"[-0.023, 0.17, 0.218, 0.093, 0.066, 0.061, -0.018, -0.044, 0.02, 0.009, 0.022]",6.764%
BOXL,"[-0.039, 0.107, -0.174, -0.33, -0.027, -0.118, -0.154, -0.062, 0.073, 0.112, 0.029]",11.136%
BV,"[0.072, 0.113, -0.01, -0.067, -0.014, 0.166, -0.218, -0.128, -0.117, 0, -0.059, -0.099]",8.858%
DGII,"[0.189, -0.17, 0.139, -0.079, -0.146, 0.11, 0.044, 0.077, 0.157, 0.017, -0.07]",10.891%
DMAC,"[0.031, -0.063, -0.018, 0.068, 0.042, -0.111, -0.033, -0.016, 0.098, 0.028, -0.004]",4.655%
ECOR,"[-0.013, -0.054, -0.056, 0.028, -0.088, -0.05, 0.096, -0.238, -0.075, -0.031, 0.057]",7.145%
GOEV,"[0.092, -0.05, -0.276, 0.008, -0.049, 0.033, 0.047, 0.034, -0.135, -0.227, -0.047, 0.237]",10.292%
GWH,"[-0.131, -0.15, -0.05, -0.094, -0.046, 0.088, 0.037, -0.084, 0.184, 0.21, -0.009, -0.018]",9.175%
HI,"[-0.042, -0.132, -0.048, -0.037, -0.053, -0.042, -0.036, 0.08, -0.002, -0.04, 0.001, 0.008]",4.342%
HROW,"[0.543, 0.345, -0.012, -0.36, -0.155, -0.186, 0.068, -0.046, 0.099, 0.064, 0.034]",17.382%
IBTA,"[-0.267, -0.073]",17.0%
IDN,"[-0.284, 0.017, 0.749, -0.145, -0.03, -0.034, 0.122, -0.139, 0.02, -0.006, -0.19]",15.782%
JJSF,"[0.063, 0.164, -0.07, 0.047, 0.063, 0.022, -0.039, 0.098, 0.017, -0.097, -0.017, -0.032]",6.075%
KLIC,"[0.031, 0.037, -0.096, 0.047, -0.014, -0.038, 0.087, 0.028, 0.032, -0.014, -0.027, -0.028]",3.992%
KRMD,"[0.164, 0.058, 0.033, -0.073, 0.042, -0.012, -0.105, 0.169, 0.027, -0.079, -0.05]",7.382%
LVLU,"[-0.016, 0.163, -0.06, -0.095, -0.069, 0.05, 0.181, -0.122, -0.138, 0.149, 0.143, 0.012]",9.983%
MPTI,"[0.111, -0.002, -0.238, 0.125, 0.288, 0.075, -0.026]",12.357%
NN,"[0.02, -0.037, -0.243, -0.006, 0.128, 0.223, -0.085, 0.05, 0.147, 0.031, -0.018, -0.017]",8.375%
OTRK,"[-0.062, -0.103, -0.206, -0.022, -0.08, 0.037, -0.127, 0.1, 0.02, 0.218, -0.15]",10.227%
OWLT,"[0.077, -0.079, -0.1, -0.076, -0.024, -0.007, 0.061, -0.079, 0, 0.102, -0.109, 0.028]",6.183%
SB,"[-0.059, -0.03, 0.015, 0.01, -0.032, -0.021, -0.02, 0.046, 0.042, -0.034, -0.034, -0.052]",3.292%
SONO,"[-0.016, -0.042, 0.171, 0.171, -0.064, -0.237, 0.165, 0.03, -0.249, 0.143, 0.045, -0.012]",11.208%
TARS,"[0.137, -0.089, 0.183, 0.122, -0.011, 0.038, 0.008, -0.014, 0.068, -0.037, 0.01, 0.019]",6.133%
XOS,"[0.142, 0.026, 0.309, -0.119, -0.053, -0.009, -0.045, -0.035, -0.037, 0.029, -0.091]",8.136%
CVV,"[-0.032, -0.101, 0.045, -0.007, -0.017, -0.265, -0.096, -0.068, -0.105, 0.017, 0.018, -0.106]",7.308%
ICAD,"[0.029, 0.086, 0.04, -0.07, -0.012, -0.088, 0.058, 0.011, -0.12, 0.086, -0.056]",5.964%
ICCC,"[-0.043, -0.109, 0.016, 0.019, -0.004, -0.065, -0.068, -0.003, -0.069, 0.04, 0.014, -0.011]",3.842%
JSDA,"[-0.022, 0.37, -0.04, -0.059, 0, -0.045, 0.048, -0.095, 0.049, -0.043, 0.073]",7.673%
LPA,[-0.007],0.7%
OXBR,"[-0.044, -0.156, -0.028, 0.055, -0.179, -0.053, -0.054, -0.026, -0.02, 0.018, -0.213, 0.118]",8.033%
PVCT,[],0.0%
SPRU,"[-0.081, 0.008, 0.016, 0.113, -0.062, 0.061, -0.001, 0.076, -0.021, -0.097, 0.174, 0.004]",5.95%
SSKN,"[-0.007, -0.09, -0.151, 0.156, -0.273, -0.029, -0.067, 0.019, -0.045, 0.038, -0.03, -0.045]",7.917%
TOI,"[-0.182, -0.244, -0.141, 0.277, -0.02, -0.02, -0.2, -0.052, 0.1, -0.147, 0.103]",13.509%
WKSP,"[-0.016, 0.206, -0.108]",11.0%
DIS,"[-0.045, -0.095, 0.115, 0.069, 0.049, -0.087, -0.013, -0.132, 0.047, -0.009, 0.033]",6.309%
LUNR,"[-0.013, -0.061, 0.113, -0.039, -0.155, -0.012]",6.55%
JD,"[0.042, 0.019, 0.162, 0.07, -0.03, 0.072, -0.113, -0.025, 0.034, 0.041, -0.158, 0.06]",6.883%
NICE,"[0.046, -0.129, 0.087, 0.09, -0.076, -0.056, -0.025, 0.202, -0.018, 0.041, -0.086]",7.782%
AAP,"[-0.175, -0.11, 0.026, -0.047, 0.031, -0.35, 0.031, -0.151, -0.096, -0.016, -0.007, -0.026]",8.883%
BILI,"[-0.076, -0.124, -0.019, -0.111, 0.007, 0.013, 0.097, 0.223, -0.15, -0.148, -0.079, -0.09]",9.475%
SOWG,"[-0.348, 0.419, 0.298, 0.454]",37.975%
BN,"[0.036, 0.006, 0.02, 0.001, 0.05, 0.002, -0.002, 0.103, 0.011, -0.03, 0.05]",2.827%
NTES,"[-0.112, -0.037, -0.039, -0.024, -0.039, 0.027, -0.037, -0.005, -0.06, -0.017, 0.014, 0.0]",3.425%
OCUL,"[0.061, -0.03, -0.045, -0.134, -0.108, 0.023, 0.054, -0.11, -0.03, 0.018, -0.014]",5.7%
AZUL,"[-0.108, 0.022, -0.089, 0.1, 0.109, 0.004, 0.406, -0.204, 0.025, -0.07, -0.078]",11.045%
BRAG,"[-0.042, 0.05, 0.012, -0.012, -0.021, -0.027, 0.078, -0.072, -0.03, -0.098, 0.028]",4.273%
CASI,"[0, -0.052, 0.203, 0.011, 0.036, -0.076, -0.044, -0.045, -0.108, -0.06, 0.071]",6.418%
DTI,"[-0.088, 0.02, 0.027, -0.003, -0.015]",3.06%
EFXT,"[0.07, -0.218, 0.068, 0.104, -0.113, 0.06, 0.022, 0.046, 0.142, -0.065, -0.034]",8.564%
GAMB,"[0.234, -0.074, -0.036, -0.204, 0.157, -0.003, -0.009, 0.037, 0.004, 0.006, -0.001, -0.139]",7.533%
HP,"[0.088, -0.047, 0.12, -0.023, 0.046, -0.037, -0.004, 0.006, -0.007, 0.107, 0.059, -0.165]",5.908%
IMAB,"[-0.071, 0.033, -0.03, -0.017, 0.026, 0.151]",5.467%
NOMD,"[0.005, 0.06, 0.002, 0.141, 0.016, -0.014, -0.035, 0.002, 0.004, 0.056, -0.018]",3.209%
ONEW,"[-0.155, 0.141, 0.041, -0.039, -0.288, 0.085, -0.089, -0.035, 0.007, 0.047, 0.005, 0.063]",8.292%
QBTS,"[-0.012, 0.054, -0.029, -0.174, -0.124, -0.213, -0.231, 0.008, -0.009]",9.489%
SBH,"[0.097, -0.044, 0.067, 0.082, -0.009, -0.131, 0.112, 0.045, -0.018, -0.068, 0.034, 0.101]",6.733%
TLSI,"[0.007, -0.075, 0.051, -0.002]",3.375%
WKHS,"[-0.092, -0.128, -0.001, -0.068, -0.02, -0.148, 0.011, -0.242, 0.043, 0.195, -0.036, 0.018]",8.35%
ZK,[-0.065],6.5%
AFMD,"[0.011, 0.051, -0.006, -0.03, -0.029, -0.097, -0.064, 0.113, -0.091, 0.01, 0.021]",4.755%
CINT,"[0.01, 0.084, -0.108, -0.051, 0.052, 0.02, -0.006, -0.052, -0.148, 0.083, -0.031, 0.086]",6.092%
CRIS,"[-0.099, 0.002, 0.134, -0.042, -0.088, -0.039, -0.084, 0.136, 0.011, -0.039, 0.009]",6.209%
ECC,"[0.013, 0.006, 0.016, 0.013, 0, -0.006, 0.023, 0.005, 0.031, 0.007, -0.002, 0.026]",1.233%
EIC,"[0.021, 0.003, 0.025, -0.001, 0.004, 0.015, 0.039, 0.007, -0.005, 0.014, -0.01, -0.005]",1.242%
CRKN,"[-0.102, -0.029, -0.04, -0.074, -0.247, 0.112, -0.157, -0.04, 0.059]",9.556%
DAO,"[-0.09, -0.022, -0.052, -0.083, -0.024, -0.145, 0.032, 0.026, -0.063, -0.181, 0.015, 0.172]",7.542%
DTST,"[-0.138, 0.089, -0.251, 0.064, 0.046, 0.026, 0.071, -0.033, 0.038, 0.5, 0.009]",11.5%
GGR,"[-0.016, -0.018, 0.005, -0.023, -0.007, -0.009, -0.098, 0.119, 0.022, -0.042, -0.008]",3.336%
GRAM,"[-0.2, 0, 0.071, 0, 0, 0.063, 0, -0.091, -0.024, -0.078, -0.048, -0.214]",6.575%
INV,[],0.0%
IPWR,"[-0.053, -0.041, -0.024, -0.039, -0.054, 0.048, 0.001, 0.015, -0.024, 0.151, 0.001]",4.1%
JG,"[0.035, 0.003, 0.023, -0.111, -0.016, -0.093, -0.019, -0.006, 0.011, -0.133, 0.015, -0.084]",4.575%
NLCP,"[-0.002, 0.013, 0.011, 0.014, 0.038, -0.001, -0.047, 0.104, -0.055, -0.013, 0.01]",2.8%
OCFT,"[-0.045, 0.027, -0.033, 0.056, -0.024, -0.052, -0.055, -0.068, 0, 0.007, 0, 0.008]",3.125%
POLA,"[0, -0.074, -0.06, -0.022, 0.033, 0, 0, 0.026, -0.034, 0.183, -0.042, -0.008]",4.017%
SPH,"[0.002, -0.026, 0.007, -0.014, 0.009, -0.042, -0.009, -0.027, -0.022, -0.018, -0.021, 0.015]",1.767%
VEON,"[0.003, -0.034, 0.047, -0.001, 0.015, 0.067, 0.042, 0.027, -0.007, -0.36, 0.01, 0.019]",5.267%
XNET,"[-0.012, -0.055, -0.052, -0.074, 0.037, -0.015, 0.167, -0.028, 0.129, -0.069, 0.061, -0.084]",6.525%
ZCAR,[-0.124],12.4%
AMAT,"[-0.019, -0.009, 0.063, -0.04, 0.037, -0.023, 0.0, 0.002, -0.034, -0.039, -0.032, -0.055]",2.942%
ASTS,"[0.507, 0.686, -0.236, 0.236, -0.158, -0.008, -0.209, -0.061, 0.093, 0.061, -0.004]",20.536%
OKLO,[0.026],2.6%
DESP,"[-0.062, 0.191, 0.145, 0.003, -0.067, 0.042, 0.022, -0.034, -0.011, 0.007, 0.022, 0.023]",5.242%
GLOB,"[0.051, -0.056, -0.063, 0.118, 0.079, 0.104, 0.068, -0.04, -0.024, -0.015, 0.003, -0.013]",5.283%
POST,"[0.03, -0.021, 0.077, -0.014, 0.027, 0.007, 0.014, -0.007, 0.027, 0.07, -0.012, -0.037]",2.858%
AKYA,"[-0.065, -0.296, -0.147, 0.109, 0.03, 0.037, -0.023, -0.098, 0.032, -0.041, 0.042]",8.364%
BNZI,[-0.006],0.6%
CWCO,"[0.011, -0.032, -0.025, 0.108, 0.113, 0.134, 0.068, -0.218, 0.002, 0.059, 0.027, -0.012]",6.742%
DARE,"[0.2, 0, -0.107, -0.07, -0.023, 0, 0.019, -0.023, -0.024, 0.096, 0.014]",5.236%
DFLI,"[-0.104, -0.252, 0.356, -0.229, -0.156, -0.014, -0.293, -0.017]",17.762%
EAST,"[0.014, -0.289, -0.162, -0.097, -0.261, 0.287, -0.229, 0.006, 0.015, -0.002, -0.083, -0.113]",12.983%
ELUT,"[0.081, 0.175, -0.097, 0.116, 0.067, -0.077, 0.176, 0.012, -0.033, -0.104, 0.07]",9.164%
ESE,"[0.035, -0.058, -0.059, 0.013, 0.027, 0.018, -0.061, 0.036, 0.031, 0.069, -0.059, 0.019]",4.042%
FSI,"[0.238, 0.068, -0.023, -0.122, 0.007, 0.027, -0.02, 0.082, 0.041, -0.084]",7.12%
GCTS,"[0.053, -0.061]",5.7%
IZEA,"[0.068, -0.043, 0.096, -0.004, -0.028, 0.037, -0.058, -0.018, 0.11, -0.078, 0.153]",6.3%
ORGN,"[0.222, -0.132, -0.085, -0.185, -0.663, 0.067, 0.027, 0.064, 0.073, -0.047, 0.01, 0.013]",13.233%
PBLA,"[0, 0.2, 0.047, 0.027, -0.041, -0.033, -0.229, 0.041, -0.126, -0.003, -0.014, 0.03]",6.592%
REKR,"[-0.079, -0.242, -0.019, -0.083, 0.101, 0, -0.077, 0.03, -0.159, 0.024, 0.011, -0.359]",9.867%
RSSS,"[0.007, 0.028, -0.028, -0.017, 0.095, -0.019, 0.009, 0.063, 0, 0.056, 0.06, -0.055]",3.642%
SBS,"[0.068, -0.018, 0.021, 0.006, 0.047, 0.08, -0.002, 0.038, -0.031, 0.007, -0.01, -0.036]",3.033%
SOL,"[0.149, -0.071, 0.212, -0.13, -0.055, 0.048, -0.022, 0.167, -0.061, -0.01, -0.079, 0.002]",8.383%
SRFM,"[-0.169, -0.135, -0.11, 0.032, -0.175]",12.42%
SRTS,"[0.014, 0.388, 0.063, -0.144, 0.14, -0.444, -0.205, -0.512, -0.005, 0.089, 0.037, -0.007]",17.067%
SYTA,"[-0.163, -0.15, -0.053, -0.153, 0.244, -0.157, -0.117, 0.043, -0.015, 0.067, -0.027, 0.005, -0.176]",10.538%
BNAI,"[-0.071, -0.261]",16.6%
CNVS,"[0, -0.122, -0.298, -0.009, -0.211, -0.174, -0.004, -0.096, -0.172, -0.104, 0.418, -0.3]",15.9%
MFON,"[-0.054, 0, -0.177, -0.044, -0.063, 0.032, 0.262, 0.02, -0.02, -0.155, -0.178, -0.013]",8.483%
MOVE,"[-0.008, -0.063, 0.08, -0.121, -0.09, -0.081, 0.015, -0.05, 0, 0.054, -0.004]",5.145%
NXGL,"[-0.044, -0.056, -0.018, -0.179, 0.017, -0.059, 0, -0.16, -0.022, 0.021, -0.058, -0.044]",5.65%
SIDU,"[-0.184, -0.034, -0.046, -0.229, -0.098, -0.041, -0.036, -0.028, 0.041, 0.131, 0.032]",8.182%
STCB,"[0.25, 0, -0.143, 0]",9.825%
TIVC,"[-0.065, -0.04, 0.058, -0.138, 0, -0.316, -0.118, 0, -0.005, -0.006, -0.02]",6.964%
TRAK,"[-0.024, 0.022, -0.036, -0.018, 0.063, 0, 0.06, -0.097, 0.08, -0.179, 0.08, 0]",5.492%
TTOO,"[0.032, -0.107, -0.147, -0.529, 0.267, -0.339, -0.038, 0.027, -0.211, -0.214, 0.159, -0.036]",17.55%
VUZI,"[0.026, -0.024, -0.173, -0.034, -0.129, -0.041, 0.056, 0.166, -0.072, 0.038, 0.144, -0.072]",8.125%
BABA,"[0.001, -0.06, -0.059, -0.091, 0.046, -0.054, -0.007, 0.078, 0.018, 0.148, -0.007, -0.111]",5.667%
SPB,"[0.106, 0.119, 0.077, -0.118, 0.03, -0.009, -0.002, -0.04, -0.009, 0.039, 0.002, 0.092]",5.358%
WISA,"[-0.309, -0.059, -0.103, -0.067, -0.168, -0.225, -0.311, 0.003, -0.234, -0.125, -0.167, -0.055]",15.217%
AIM,"[0.034, -0.025, -0.082, 0.044, -0.072, -0.045, -0.023, 0.042, 0.013, -0.01, 0, -0.041]",3.592%
NEXN,"[0.043, 0.031, 0.041, -0.011, -0.305, 0.086, -0.131, -0.261, -0.226, 0.017, 0.147]",11.809%
RLX,"[-0.006, -0.051, -0.046, 0.147, 0.035, 0.038, 0.151, -0.101, 0.016, -0.056, -0.365, -0.166]",9.817%
LWAY,"[0.486, -0.086, 0.247, -0.256, 0.19, 0.002, 0.021, 0.049, -0.036, -0.072, -0.03]",13.409%
BTDR,"[-0.035, -0.009, -0.009, -0.05, 0.354, -0.016, -0.041]",7.343%
MFG,"[0.069, 0.038, 0.019, 0.021, 0.003, 0.007, 0, -0.018, 0.021, 0.013, -0.004]",1.936%
BRC,"[0.005, 0.114, -0.053, -0.016, 0.114, 0.036, 0.034, 0.011, -0.005, 0.053, -0.027, -0.069]",4.475%
DYN,"[-0.012, 0.013, 0.003, -0.066, 0.106, -0.022, -0.029, 0.051, 0.096, 0.031, 0.035, 0.012]",3.967%
BLRX,"[-0.128, 0.059, -0.208, 0.006, 0.045, 0.04, 0.027, -0.042, -0.063, -0.124, -0.033, -0.04]",6.792%
APGE,"[0.098, -0.009, 0.421, 0.073, -0.018]",12.38%
LPTX,"[-0.033, 0.018, -0.032, 0.036, 0.017, 0, -0.036, 0.126, -0.008, 0.346, -0.006]",5.982%
INDP,"[0.009, 0.006, 0.01, -0.034, -0.101, 0.078, -0.093, 0.066, 0.159, -0.006, 0.05, -0.008]",5.167%
TWST,"[-0.19, 0.287, 0.1, 0.259, 0.112, -0.004, -0.181, -0.023, 0.127, 0.008, -0.024, -0.113]",11.9%
AERG,[],0.0%
LIPO,"[-0.016, 0.06]",3.8%
AJINY,"[0.018, -0.023, 0.001, -0.005, 0.058, 0.006, 0.004, 0.014, 0.004, 0.0, 0.009, 0.0]",1.183%
AIRT,"[0.01, 0.011, -0.137, -0.134, 0.025, -0.012, 0.011, 0.007, 0, 0.034, -0.037]",3.8%
AKTX,"[-0.003, 0.014, -0.188, -0.032, -0.09, 0.022, -0.073, 0.018, 0.013, -0.027, -0.022]",4.564%
ARTH,[],0.0%
ETST,"[-0.048, 0.167, 0.167, 0.5, 0.333, 0]",20.25%
BSFC,"[-0.043, -0.012, -0.083, -0.116, 0.009, -0.05, -0.054, -0.072, 0.035, 0.072, 0.031]",5.245%
CANB,"[0, -0.048, -0.097, -0.031, 0.037]",4.26%
SALM,"[-0.08, -0.028, -0.083, -0.211, -0.174, -0.105, -0.159, -0.27, 0.014, -0.022, 0.011, 0.072]",10.242%
GIPR,"[0.049, 0.025, 0, 0.003, 0.011, 0.037, 0.037, -0.016, -0.014, -0.004, -0.097]",2.664%
CPHI,"[0.031, -0.022, -0.053, -0.081, -0.025, -0.085, 0.004, -0.031]",4.15%
GRVY,"[-0.111, -0.009, 0.008, 0.049, 0.012, 0.083, 0.099, -0.083, 0.045, 0.124, -0.264]",8.064%
ELRNF,"[0, 0, 0, 0, 0, 0, 0, 0]",0.0%
MINM,"[0.074, 0.012, -0.075, 0.144, -0.246, -0.217, -0.08, -0.026, -0.2]",11.933%
XBIT,[],0.0%
PXS,"[0.018, -0.015, 0.019, 0.058, -0.05, -0.029, -0.055, -0.07, 0.052, 0, 0.027, -0.047]",3.667%
ENG,"[0.05, -0.006, -0.017, -0.028, -0.015, -0.208, -0.109, -0.022, -0.102, -0.058]",6.15%
HOUR,"[0.31, -0.076, -0.158, 0.043, -0.006, -0.026, -0.015, 0.077, -0.078, -0.095]",8.84%
SNTI,"[0.102, -0.003, -0.066, -0.194, 0.001, -0.08, 0.025, 0.083, -0.02]",6.378%
SCPX,"[-0.105, 0.076, -0.011, -0.087, -0.002, 0, -0.009, -0.006, -0.064, 0.109, -0.094, 0.012]",4.792%
FRZA,"[-0.077, -0.08, -0.024, -0.02, 0.1, -0.017, -0.032, 0.034, -0.004]",4.311%
CREG,"[-0.011, -0.062, 0.012, 0.014, -0.058]",3.14%
HCMC,[],0.0%
LONCF,"[0, 0, 0, 0.087, 0, 0, 0.069, -0.08, 0, 0.03, 0]",2.418%
ITOCY,"[0.001, -0.121, -0.049, -0.018, 0.014, 0.008, 0.029, -0.036, 0.008, -0.005, -0.045, -0.018]",2.933%
SIF,"[0.065, -0.051, -0.152, 0.119, 0, 0.062, -0.048, 0.02, -0.005, -0.041, -0.098]",6.009%
MNTR,"[0, 0, 0, 0, 0, 0, -0.25, -0.167, -0.2, 0.2, -0.2]",9.245%
GP,"[0.163, -0.091, -0.038, -0.073, -0.015, -0.059, -0.055, -0.011]",6.312%
JRSH,"[-0.045, -0.003, 0.017, -0.06, -0.006, -0.061, -0.01, 0.045, -0.052, -0.106, 0.037]",4.018%
SMSEY,"[-0.026, 0.001, -0.014, -0.049, -0.021, 0.003, 0.049, 0.036, -0.007, -0.047, 0.096, 0.01]",2.992%
NIU,"[-0.016, -0.109, -0.034, 0.021, -0.057, 0.093, -0.09, -0.139, -0.067, -0.047, -0.169, -0.168]",8.417%
NMRD,"[0, -0.2, 0, 0.042, 0.026, -0.031, -0.073, -0.058, -0.072, -0.019, -0.002]",4.755%
kscp,[-0.05],5.0%
TOVX,"[-0.004, 0.045, -0.051, -0.064, -0.021, -0.033, 0, -0.039, 0, 0.006, 0.376, -0.006]",5.375%
NXU,"[0.009, -0.017]",1.3%
LVWD,"[0.154, 0.063, -0.056, 0, 0, 0.111, 0.733, 0.286, 0.063, 0, 0.167]",14.845%
MAMO,"[-0.103, -0.021, 0.109]",7.767%
UG,"[-0.02, 0.055, -0.017, 0.278, -0.007, -0.028, -0.129, -0.059, -0.044, 0.005, 0.013, 0.046]",5.842%
TATT,"[-0.033, 0.01, -0.107, 0.077, 0.059, 0.054, 0.059, 0, 0.032, -0.031, -0.002, -0.067]",4.425%
SNOA,"[0.139, -0.006, -0.006, -0.03, 0.035, 0.013, 0.072, -0.008, -0.021, -0.069, -0.031]",3.909%
NORD,[],0.0%
WTM,"[-0.01, 0.004, -0.006, -0.009, 0.006, 0.022, -0.004, -0.007, 0.003, 0.009, 0.023, 0.008]",0.925%
SMTK,"[-0.015, 0.023, 0.273]",10.367%
SBET,"[0.026, 0.07, -0.029, -0.012, -0.059, -0.087, 0.015, 0.027]",4.063%
UTGN,[],0.0%
XXII,"[0.019, -0.086, -0.109, -0.167, -0.025, -0.013, -0.181, -0.051, -0.057, -0.043, -0.017, 0.177]",7.875%
VCNX,"[-0.033, -0.036, -0.006, -0.085, -0.075, 0.056, -0.014, -0.027, -0.008, 0, -0.02, -0.043]",3.358%
